person_id,legal_name,abstract_fact_001,abstract_fact_002,abstract_fact_003,abstract_fact_004,abstract_fact_005,abstract_fact_006,abstract_fact_007,abstract_fact_008,abstract_fact_009,abstract_fact_010,abstract_fact_011,abstract_fact_012,abstract_fact_013,abstract_fact_014,abstract_fact_015,abstract_fact_016,abstract_fact_017,abstract_fact_018,abstract_fact_019,abstract_fact_020,abstract_fact_021,abstract_fact_022,abstract_fact_023,abstract_fact_024,abstract_fact_025,abstract_fact_026,abstract_fact_027,abstract_fact_028,abstract_fact_029,abstract_fact_030,abstract_fact_031,abstract_fact_032,abstract_fact_033,abstract_fact_034,abstract_fact_035,abstract_fact_036,abstract_fact_037,abstract_fact_038,abstract_fact_039,abstract_fact_040,abstract_fact_041,abstract_fact_042,abstract_fact_043,abstract_fact_044,abstract_fact_045,abstract_fact_046,abstract_fact_047,abstract_fact_048,abstract_fact_049,abstract_fact_050,abstract_fact_051,abstract_fact_052,abstract_fact_053,abstract_fact_054,abstract_fact_055,abstract_fact_056,abstract_fact_057,abstract_fact_058,abstract_fact_059,abstract_fact_060,abstract_fact_061,abstract_fact_062,abstract_fact_063,abstract_fact_064,abstract_fact_065,abstract_fact_066,abstract_fact_067,abstract_fact_068,abstract_fact_069,abstract_fact_070,abstract_fact_071,abstract_fact_072,abstract_fact_073,abstract_fact_074,abstract_fact_075,abstract_fact_076,abstract_fact_077,abstract_fact_078,abstract_fact_079,abstract_fact_080,abstract_fact_081,abstract_fact_082,abstract_fact_083,abstract_fact_084,abstract_fact_085,abstract_fact_086,abstract_fact_087,abstract_fact_088,abstract_fact_089,abstract_fact_090,abstract_fact_091,abstract_fact_092,abstract_fact_093,abstract_fact_094,abstract_fact_095,abstract_fact_096,abstract_fact_097,abstract_fact_098,abstract_fact_099,abstract_fact_100,abstract_fact_101,abstract_fact_102,abstract_fact_103,abstract_fact_104,abstract_fact_105,abstract_fact_106,abstract_fact_107,abstract_fact_108,abstract_fact_109,abstract_fact_110,abstract_fact_111,abstract_fact_112,abstract_fact_113,abstract_fact_114,abstract_fact_115,abstract_fact_116,abstract_fact_117,abstract_fact_118,abstract_fact_119,abstract_fact_120,abstract_fact_121,abstract_fact_122,abstract_fact_123,abstract_fact_124,abstract_fact_125,abstract_fact_126,abstract_fact_127,abstract_fact_128,abstract_fact_129,abstract_fact_130,abstract_fact_131,abstract_fact_132,abstract_fact_133,abstract_fact_134,abstract_fact_135,abstract_fact_136,abstract_fact_137,abstract_fact_138,abstract_fact_139,abstract_fact_140,abstract_fact_141,abstract_fact_142,abstract_fact_143,abstract_fact_144,abstract_fact_145,abstract_fact_146,abstract_fact_147,abstract_fact_148,abstract_fact_149,abstract_fact_150,abstract_fact_151,abstract_fact_152,abstract_fact_153,abstract_fact_154,abstract_fact_155,abstract_fact_156,abstract_fact_157,abstract_fact_158,abstract_fact_159,abstract_fact_160,abstract_fact_161,abstract_fact_162,abstract_fact_163,abstract_fact_164,abstract_fact_165,abstract_fact_166,abstract_fact_167,abstract_fact_168,abstract_fact_169,abstract_fact_170,abstract_fact_171,abstract_fact_172,abstract_fact_173,abstract_fact_174,abstract_fact_175,abstract_fact_176,abstract_fact_177,abstract_fact_178,abstract_fact_179,abstract_fact_180
P-001,Aurelia Stone,r01-fact-001,r01-fact-002,r01-fact-003,r01-fact-004,r01-fact-005,r01-fact-006,r01-fact-007,r01-fact-008,r01-fact-009,r01-fact-010,r01-fact-011,r01-fact-012,r01-fact-013,r01-fact-014,r01-fact-015,r01-fact-016,r01-fact-017,r01-fact-018,r01-fact-019,r01-fact-020,r01-fact-021,r01-fact-022,r01-fact-023,r01-fact-024,r01-fact-025,r01-fact-026,r01-fact-027,r01-fact-028,r01-fact-029,r01-fact-030,r01-fact-031,r01-fact-032,r01-fact-033,r01-fact-034,r01-fact-035,r01-fact-036,r01-fact-037,r01-fact-038,r01-fact-039,r01-fact-040,r01-fact-041,r01-fact-042,r01-fact-043,r01-fact-044,r01-fact-045,r01-fact-046,r01-fact-047,r01-fact-048,r01-fact-049,r01-fact-050,r01-fact-051,r01-fact-052,r01-fact-053,r01-fact-054,r01-fact-055,r01-fact-056,r01-fact-057,r01-fact-058,r01-fact-059,r01-fact-060,r01-fact-061,r01-fact-062,r01-fact-063,r01-fact-064,r01-fact-065,r01-fact-066,r01-fact-067,r01-fact-068,r01-fact-069,r01-fact-070,r01-fact-071,r01-fact-072,r01-fact-073,r01-fact-074,r01-fact-075,r01-fact-076,r01-fact-077,r01-fact-078,r01-fact-079,r01-fact-080,r01-fact-081,r01-fact-082,r01-fact-083,r01-fact-084,r01-fact-085,r01-fact-086,r01-fact-087,r01-fact-088,r01-fact-089,r01-fact-090,r01-fact-091,r01-fact-092,r01-fact-093,r01-fact-094,r01-fact-095,r01-fact-096,r01-fact-097,r01-fact-098,r01-fact-099,r01-fact-100,r01-fact-101,r01-fact-102,r01-fact-103,r01-fact-104,r01-fact-105,r01-fact-106,r01-fact-107,r01-fact-108,r01-fact-109,r01-fact-110,r01-fact-111,r01-fact-112,r01-fact-113,r01-fact-114,r01-fact-115,r01-fact-116,r01-fact-117,r01-fact-118,r01-fact-119,r01-fact-120,r01-fact-121,r01-fact-122,r01-fact-123,r01-fact-124,r01-fact-125,r01-fact-126,r01-fact-127,r01-fact-128,r01-fact-129,r01-fact-130,r01-fact-131,r01-fact-132,r01-fact-133,r01-fact-134,r01-fact-135,r01-fact-136,r01-fact-137,r01-fact-138,r01-fact-139,r01-fact-140,r01-fact-141,r01-fact-142,r01-fact-143,r01-fact-144,r01-fact-145,r01-fact-146,r01-fact-147,r01-fact-148,r01-fact-149,r01-fact-150,r01-fact-151,r01-fact-152,r01-fact-153,r01-fact-154,r01-fact-155,r01-fact-156,r01-fact-157,r01-fact-158,r01-fact-159,r01-fact-160,r01-fact-161,r01-fact-162,r01-fact-163,r01-fact-164,r01-fact-165,r01-fact-166,r01-fact-167,r01-fact-168,r01-fact-169,r01-fact-170,r01-fact-171,r01-fact-172,r01-fact-173,r01-fact-174,r01-fact-175,r01-fact-176,r01-fact-177,r01-fact-178,r01-fact-179,r01-fact-180
P-002,Benoît Lemaire,r02-fact-001,r02-fact-002,r02-fact-003,r02-fact-004,r02-fact-005,r02-fact-006,r02-fact-007,r02-fact-008,r02-fact-009,r02-fact-010,r02-fact-011,r02-fact-012,r02-fact-013,r02-fact-014,r02-fact-015,r02-fact-016,r02-fact-017,r02-fact-018,r02-fact-019,r02-fact-020,r02-fact-021,r02-fact-022,r02-fact-023,r02-fact-024,r02-fact-025,r02-fact-026,r02-fact-027,r02-fact-028,r02-fact-029,r02-fact-030,r02-fact-031,r02-fact-032,r02-fact-033,r02-fact-034,r02-fact-035,r02-fact-036,r02-fact-037,r02-fact-038,r02-fact-039,r02-fact-040,r02-fact-041,r02-fact-042,r02-fact-043,r02-fact-044,r02-fact-045,r02-fact-046,r02-fact-047,r02-fact-048,r02-fact-049,r02-fact-050,r02-fact-051,r02-fact-052,r02-fact-053,r02-fact-054,r02-fact-055,r02-fact-056,r02-fact-057,r02-fact-058,r02-fact-059,r02-fact-060,r02-fact-061,r02-fact-062,r02-fact-063,r02-fact-064,r02-fact-065,r02-fact-066,r02-fact-067,r02-fact-068,r02-fact-069,r02-fact-070,r02-fact-071,r02-fact-072,r02-fact-073,r02-fact-074,r02-fact-075,r02-fact-076,r02-fact-077,r02-fact-078,r02-fact-079,r02-fact-080,r02-fact-081,r02-fact-082,r02-fact-083,r02-fact-084,r02-fact-085,r02-fact-086,r02-fact-087,r02-fact-088,r02-fact-089,r02-fact-090,r02-fact-091,r02-fact-092,r02-fact-093,r02-fact-094,r02-fact-095,r02-fact-096,r02-fact-097,r02-fact-098,r02-fact-099,r02-fact-100,r02-fact-101,r02-fact-102,r02-fact-103,r02-fact-104,r02-fact-105,r02-fact-106,r02-fact-107,r02-fact-108,r02-fact-109,r02-fact-110,r02-fact-111,r02-fact-112,r02-fact-113,r02-fact-114,r02-fact-115,r02-fact-116,r02-fact-117,r02-fact-118,r02-fact-119,r02-fact-120,r02-fact-121,r02-fact-122,r02-fact-123,r02-fact-124,r02-fact-125,r02-fact-126,r02-fact-127,r02-fact-128,r02-fact-129,r02-fact-130,r02-fact-131,r02-fact-132,r02-fact-133,r02-fact-134,r02-fact-135,r02-fact-136,r02-fact-137,r02-fact-138,r02-fact-139,r02-fact-140,r02-fact-141,r02-fact-142,r02-fact-143,r02-fact-144,r02-fact-145,r02-fact-146,r02-fact-147,r02-fact-148,r02-fact-149,r02-fact-150,r02-fact-151,r02-fact-152,r02-fact-153,r02-fact-154,r02-fact-155,r02-fact-156,r02-fact-157,r02-fact-158,r02-fact-159,r02-fact-160,r02-fact-161,r02-fact-162,r02-fact-163,r02-fact-164,r02-fact-165,r02-fact-166,r02-fact-167,r02-fact-168,r02-fact-169,r02-fact-170,r02-fact-171,r02-fact-172,r02-fact-173,r02-fact-174,r02-fact-175,r02-fact-176,r02-fact-177,r02-fact-178,r02-fact-179,r02-fact-180
P-003,Chinwe Okoro,r03-fact-001,r03-fact-002,r03-fact-003,r03-fact-004,r03-fact-005,r03-fact-006,r03-fact-007,r03-fact-008,r03-fact-009,r03-fact-010,r03-fact-011,r03-fact-012,r03-fact-013,r03-fact-014,r03-fact-015,r03-fact-016,r03-fact-017,r03-fact-018,r03-fact-019,r03-fact-020,r03-fact-021,r03-fact-022,r03-fact-023,r03-fact-024,r03-fact-025,r03-fact-026,r03-fact-027,r03-fact-028,r03-fact-029,r03-fact-030,r03-fact-031,r03-fact-032,r03-fact-033,r03-fact-034,r03-fact-035,r03-fact-036,r03-fact-037,r03-fact-038,r03-fact-039,r03-fact-040,r03-fact-041,r03-fact-042,r03-fact-043,r03-fact-044,r03-fact-045,r03-fact-046,r03-fact-047,r03-fact-048,r03-fact-049,r03-fact-050,r03-fact-051,r03-fact-052,r03-fact-053,r03-fact-054,r03-fact-055,r03-fact-056,r03-fact-057,r03-fact-058,r03-fact-059,r03-fact-060,r03-fact-061,r03-fact-062,r03-fact-063,r03-fact-064,r03-fact-065,r03-fact-066,r03-fact-067,r03-fact-068,r03-fact-069,r03-fact-070,r03-fact-071,r03-fact-072,r03-fact-073,r03-fact-074,r03-fact-075,r03-fact-076,r03-fact-077,r03-fact-078,r03-fact-079,r03-fact-080,r03-fact-081,r03-fact-082,r03-fact-083,r03-fact-084,r03-fact-085,r03-fact-086,r03-fact-087,r03-fact-088,r03-fact-089,r03-fact-090,r03-fact-091,r03-fact-092,r03-fact-093,r03-fact-094,r03-fact-095,r03-fact-096,r03-fact-097,r03-fact-098,r03-fact-099,r03-fact-100,r03-fact-101,r03-fact-102,r03-fact-103,r03-fact-104,r03-fact-105,r03-fact-106,r03-fact-107,r03-fact-108,r03-fact-109,r03-fact-110,r03-fact-111,r03-fact-112,r03-fact-113,r03-fact-114,r03-fact-115,r03-fact-116,r03-fact-117,r03-fact-118,r03-fact-119,r03-fact-120,r03-fact-121,r03-fact-122,r03-fact-123,r03-fact-124,r03-fact-125,r03-fact-126,r03-fact-127,r03-fact-128,r03-fact-129,r03-fact-130,r03-fact-131,r03-fact-132,r03-fact-133,r03-fact-134,r03-fact-135,r03-fact-136,r03-fact-137,r03-fact-138,r03-fact-139,r03-fact-140,r03-fact-141,r03-fact-142,r03-fact-143,r03-fact-144,r03-fact-145,r03-fact-146,r03-fact-147,r03-fact-148,r03-fact-149,r03-fact-150,r03-fact-151,r03-fact-152,r03-fact-153,r03-fact-154,r03-fact-155,r03-fact-156,r03-fact-157,r03-fact-158,r03-fact-159,r03-fact-160,r03-fact-161,r03-fact-162,r03-fact-163,r03-fact-164,r03-fact-165,r03-fact-166,r03-fact-167,r03-fact-168,r03-fact-169,r03-fact-170,r03-fact-171,r03-fact-172,r03-fact-173,r03-fact-174,r03-fact-175,r03-fact-176,r03-fact-177,r03-fact-178,r03-fact-179,r03-fact-180
P-004,Diego Álvarez,r04-fact-001,r04-fact-002,r04-fact-003,r04-fact-004,r04-fact-005,r04-fact-006,r04-fact-007,r04-fact-008,r04-fact-009,r04-fact-010,r04-fact-011,r04-fact-012,r04-fact-013,r04-fact-014,r04-fact-015,r04-fact-016,r04-fact-017,r04-fact-018,r04-fact-019,r04-fact-020,r04-fact-021,r04-fact-022,r04-fact-023,r04-fact-024,r04-fact-025,r04-fact-026,r04-fact-027,r04-fact-028,r04-fact-029,r04-fact-030,r04-fact-031,r04-fact-032,r04-fact-033,r04-fact-034,r04-fact-035,r04-fact-036,r04-fact-037,r04-fact-038,r04-fact-039,r04-fact-040,r04-fact-041,r04-fact-042,r04-fact-043,r04-fact-044,r04-fact-045,r04-fact-046,r04-fact-047,r04-fact-048,r04-fact-049,r04-fact-050,r04-fact-051,r04-fact-052,r04-fact-053,r04-fact-054,r04-fact-055,r04-fact-056,r04-fact-057,r04-fact-058,r04-fact-059,r04-fact-060,r04-fact-061,r04-fact-062,r04-fact-063,r04-fact-064,r04-fact-065,r04-fact-066,r04-fact-067,r04-fact-068,r04-fact-069,r04-fact-070,r04-fact-071,r04-fact-072,r04-fact-073,r04-fact-074,r04-fact-075,r04-fact-076,r04-fact-077,r04-fact-078,r04-fact-079,r04-fact-080,r04-fact-081,r04-fact-082,r04-fact-083,r04-fact-084,r04-fact-085,r04-fact-086,r04-fact-087,r04-fact-088,r04-fact-089,r04-fact-090,r04-fact-091,r04-fact-092,r04-fact-093,r04-fact-094,r04-fact-095,r04-fact-096,r04-fact-097,r04-fact-098,r04-fact-099,r04-fact-100,r04-fact-101,r04-fact-102,r04-fact-103,r04-fact-104,r04-fact-105,r04-fact-106,r04-fact-107,r04-fact-108,r04-fact-109,r04-fact-110,r04-fact-111,r04-fact-112,r04-fact-113,r04-fact-114,r04-fact-115,r04-fact-116,r04-fact-117,r04-fact-118,r04-fact-119,r04-fact-120,r04-fact-121,r04-fact-122,r04-fact-123,r04-fact-124,r04-fact-125,r04-fact-126,r04-fact-127,r04-fact-128,r04-fact-129,r04-fact-130,r04-fact-131,r04-fact-132,r04-fact-133,r04-fact-134,r04-fact-135,r04-fact-136,r04-fact-137,r04-fact-138,r04-fact-139,r04-fact-140,r04-fact-141,r04-fact-142,r04-fact-143,r04-fact-144,r04-fact-145,r04-fact-146,r04-fact-147,r04-fact-148,r04-fact-149,r04-fact-150,r04-fact-151,r04-fact-152,r04-fact-153,r04-fact-154,r04-fact-155,r04-fact-156,r04-fact-157,r04-fact-158,r04-fact-159,r04-fact-160,r04-fact-161,r04-fact-162,r04-fact-163,r04-fact-164,r04-fact-165,r04-fact-166,r04-fact-167,r04-fact-168,r04-fact-169,r04-fact-170,r04-fact-171,r04-fact-172,r04-fact-173,r04-fact-174,r04-fact-175,r04-fact-176,r04-fact-177,r04-fact-178,r04-fact-179,r04-fact-180
P-005,Eleni Papadakis,r05-fact-001,r05-fact-002,r05-fact-003,r05-fact-004,r05-fact-005,r05-fact-006,r05-fact-007,r05-fact-008,r05-fact-009,r05-fact-010,r05-fact-011,r05-fact-012,r05-fact-013,r05-fact-014,r05-fact-015,r05-fact-016,r05-fact-017,r05-fact-018,r05-fact-019,r05-fact-020,r05-fact-021,r05-fact-022,r05-fact-023,r05-fact-024,r05-fact-025,r05-fact-026,r05-fact-027,r05-fact-028,r05-fact-029,r05-fact-030,r05-fact-031,r05-fact-032,r05-fact-033,r05-fact-034,r05-fact-035,r05-fact-036,r05-fact-037,r05-fact-038,r05-fact-039,r05-fact-040,r05-fact-041,r05-fact-042,r05-fact-043,r05-fact-044,r05-fact-045,r05-fact-046,r05-fact-047,r05-fact-048,r05-fact-049,r05-fact-050,r05-fact-051,r05-fact-052,r05-fact-053,r05-fact-054,r05-fact-055,r05-fact-056,r05-fact-057,r05-fact-058,r05-fact-059,r05-fact-060,r05-fact-061,r05-fact-062,r05-fact-063,r05-fact-064,r05-fact-065,r05-fact-066,r05-fact-067,r05-fact-068,r05-fact-069,r05-fact-070,r05-fact-071,r05-fact-072,r05-fact-073,r05-fact-074,r05-fact-075,r05-fact-076,r05-fact-077,r05-fact-078,r05-fact-079,r05-fact-080,r05-fact-081,r05-fact-082,r05-fact-083,r05-fact-084,r05-fact-085,r05-fact-086,r05-fact-087,r05-fact-088,r05-fact-089,r05-fact-090,r05-fact-091,r05-fact-092,r05-fact-093,r05-fact-094,r05-fact-095,r05-fact-096,r05-fact-097,r05-fact-098,r05-fact-099,r05-fact-100,r05-fact-101,r05-fact-102,r05-fact-103,r05-fact-104,r05-fact-105,r05-fact-106,r05-fact-107,r05-fact-108,r05-fact-109,r05-fact-110,r05-fact-111,r05-fact-112,r05-fact-113,r05-fact-114,r05-fact-115,r05-fact-116,r05-fact-117,r05-fact-118,r05-fact-119,r05-fact-120,r05-fact-121,r05-fact-122,r05-fact-123,r05-fact-124,r05-fact-125,r05-fact-126,r05-fact-127,r05-fact-128,r05-fact-129,r05-fact-130,r05-fact-131,r05-fact-132,r05-fact-133,r05-fact-134,r05-fact-135,r05-fact-136,r05-fact-137,r05-fact-138,r05-fact-139,r05-fact-140,r05-fact-141,r05-fact-142,r05-fact-143,r05-fact-144,r05-fact-145,r05-fact-146,r05-fact-147,r05-fact-148,r05-fact-149,r05-fact-150,r05-fact-151,r05-fact-152,r05-fact-153,r05-fact-154,r05-fact-155,r05-fact-156,r05-fact-157,r05-fact-158,r05-fact-159,r05-fact-160,r05-fact-161,r05-fact-162,r05-fact-163,r05-fact-164,r05-fact-165,r05-fact-166,r05-fact-167,r05-fact-168,r05-fact-169,r05-fact-170,r05-fact-171,r05-fact-172,r05-fact-173,r05-fact-174,r05-fact-175,r05-fact-176,r05-fact-177,r05-fact-178,r05-fact-179,r05-fact-180
P-006,Farah Nasser,r06-fact-001,r06-fact-002,r06-fact-003,r06-fact-004,r06-fact-005,r06-fact-006,r06-fact-007,r06-fact-008,r06-fact-009,r06-fact-010,r06-fact-011,r06-fact-012,r06-fact-013,r06-fact-014,r06-fact-015,r06-fact-016,r06-fact-017,r06-fact-018,r06-fact-019,r06-fact-020,r06-fact-021,r06-fact-022,r06-fact-023,r06-fact-024,r06-fact-025,r06-fact-026,r06-fact-027,r06-fact-028,r06-fact-029,r06-fact-030,r06-fact-031,r06-fact-032,r06-fact-033,r06-fact-034,r06-fact-035,r06-fact-036,r06-fact-037,r06-fact-038,r06-fact-039,r06-fact-040,r06-fact-041,r06-fact-042,r06-fact-043,r06-fact-044,r06-fact-045,r06-fact-046,r06-fact-047,r06-fact-048,r06-fact-049,r06-fact-050,r06-fact-051,r06-fact-052,r06-fact-053,r06-fact-054,r06-fact-055,r06-fact-056,r06-fact-057,r06-fact-058,r06-fact-059,r06-fact-060,r06-fact-061,r06-fact-062,r06-fact-063,r06-fact-064,r06-fact-065,r06-fact-066,r06-fact-067,r06-fact-068,r06-fact-069,r06-fact-070,r06-fact-071,r06-fact-072,r06-fact-073,r06-fact-074,r06-fact-075,r06-fact-076,r06-fact-077,r06-fact-078,r06-fact-079,r06-fact-080,r06-fact-081,r06-fact-082,r06-fact-083,r06-fact-084,r06-fact-085,r06-fact-086,r06-fact-087,r06-fact-088,r06-fact-089,r06-fact-090,r06-fact-091,r06-fact-092,r06-fact-093,r06-fact-094,r06-fact-095,r06-fact-096,r06-fact-097,r06-fact-098,r06-fact-099,r06-fact-100,r06-fact-101,r06-fact-102,r06-fact-103,r06-fact-104,r06-fact-105,r06-fact-106,r06-fact-107,r06-fact-108,r06-fact-109,r06-fact-110,r06-fact-111,r06-fact-112,r06-fact-113,r06-fact-114,r06-fact-115,r06-fact-116,r06-fact-117,r06-fact-118,r06-fact-119,r06-fact-120,r06-fact-121,r06-fact-122,r06-fact-123,r06-fact-124,r06-fact-125,r06-fact-126,r06-fact-127,r06-fact-128,r06-fact-129,r06-fact-130,r06-fact-131,r06-fact-132,r06-fact-133,r06-fact-134,r06-fact-135,r06-fact-136,r06-fact-137,r06-fact-138,r06-fact-139,r06-fact-140,r06-fact-141,r06-fact-142,r06-fact-143,r06-fact-144,r06-fact-145,r06-fact-146,r06-fact-147,r06-fact-148,r06-fact-149,r06-fact-150,r06-fact-151,r06-fact-152,r06-fact-153,r06-fact-154,r06-fact-155,r06-fact-156,r06-fact-157,r06-fact-158,r06-fact-159,r06-fact-160,r06-fact-161,r06-fact-162,r06-fact-163,r06-fact-164,r06-fact-165,r06-fact-166,r06-fact-167,r06-fact-168,r06-fact-169,r06-fact-170,r06-fact-171,r06-fact-172,r06-fact-173,r06-fact-174,r06-fact-175,r06-fact-176,r06-fact-177,r06-fact-178,r06-fact-179,r06-fact-180
P-007,Gita Rao,r07-fact-001,r07-fact-002,r07-fact-003,r07-fact-004,r07-fact-005,r07-fact-006,r07-fact-007,r07-fact-008,r07-fact-009,r07-fact-010,r07-fact-011,r07-fact-012,r07-fact-013,r07-fact-014,r07-fact-015,r07-fact-016,r07-fact-017,r07-fact-018,r07-fact-019,r07-fact-020,r07-fact-021,r07-fact-022,r07-fact-023,r07-fact-024,r07-fact-025,r07-fact-026,r07-fact-027,r07-fact-028,r07-fact-029,r07-fact-030,r07-fact-031,r07-fact-032,r07-fact-033,r07-fact-034,r07-fact-035,r07-fact-036,r07-fact-037,r07-fact-038,r07-fact-039,r07-fact-040,r07-fact-041,r07-fact-042,r07-fact-043,r07-fact-044,r07-fact-045,r07-fact-046,r07-fact-047,r07-fact-048,r07-fact-049,r07-fact-050,r07-fact-051,r07-fact-052,r07-fact-053,r07-fact-054,r07-fact-055,r07-fact-056,r07-fact-057,r07-fact-058,r07-fact-059,r07-fact-060,r07-fact-061,r07-fact-062,r07-fact-063,r07-fact-064,r07-fact-065,r07-fact-066,r07-fact-067,r07-fact-068,r07-fact-069,r07-fact-070,r07-fact-071,r07-fact-072,r07-fact-073,r07-fact-074,r07-fact-075,r07-fact-076,r07-fact-077,r07-fact-078,r07-fact-079,r07-fact-080,r07-fact-081,r07-fact-082,r07-fact-083,r07-fact-084,r07-fact-085,r07-fact-086,r07-fact-087,r07-fact-088,r07-fact-089,r07-fact-090,r07-fact-091,r07-fact-092,r07-fact-093,r07-fact-094,r07-fact-095,r07-fact-096,r07-fact-097,r07-fact-098,r07-fact-099,r07-fact-100,r07-fact-101,r07-fact-102,r07-fact-103,r07-fact-104,r07-fact-105,r07-fact-106,r07-fact-107,r07-fact-108,r07-fact-109,r07-fact-110,r07-fact-111,r07-fact-112,r07-fact-113,r07-fact-114,r07-fact-115,r07-fact-116,r07-fact-117,r07-fact-118,r07-fact-119,r07-fact-120,r07-fact-121,r07-fact-122,r07-fact-123,r07-fact-124,r07-fact-125,r07-fact-126,r07-fact-127,r07-fact-128,r07-fact-129,r07-fact-130,r07-fact-131,r07-fact-132,r07-fact-133,r07-fact-134,r07-fact-135,r07-fact-136,r07-fact-137,r07-fact-138,r07-fact-139,r07-fact-140,r07-fact-141,r07-fact-142,r07-fact-143,r07-fact-144,r07-fact-145,r07-fact-146,r07-fact-147,r07-fact-148,r07-fact-149,r07-fact-150,r07-fact-151,r07-fact-152,r07-fact-153,r07-fact-154,r07-fact-155,r07-fact-156,r07-fact-157,r07-fact-158,r07-fact-159,r07-fact-160,r07-fact-161,r07-fact-162,r07-fact-163,r07-fact-164,r07-fact-165,r07-fact-166,r07-fact-167,r07-fact-168,r07-fact-169,r07-fact-170,r07-fact-171,r07-fact-172,r07-fact-173,r07-fact-174,r07-fact-175,r07-fact-176,r07-fact-177,r07-fact-178,r07-fact-179,r07-fact-180
P-008,Hiro Tanaka,r08-fact-001,r08-fact-002,r08-fact-003,r08-fact-004,r08-fact-005,r08-fact-006,r08-fact-007,r08-fact-008,r08-fact-009,r08-fact-010,r08-fact-011,r08-fact-012,r08-fact-013,r08-fact-014,r08-fact-015,r08-fact-016,r08-fact-017,r08-fact-018,r08-fact-019,r08-fact-020,r08-fact-021,r08-fact-022,r08-fact-023,r08-fact-024,r08-fact-025,r08-fact-026,r08-fact-027,r08-fact-028,r08-fact-029,r08-fact-030,r08-fact-031,r08-fact-032,r08-fact-033,r08-fact-034,r08-fact-035,r08-fact-036,r08-fact-037,r08-fact-038,r08-fact-039,r08-fact-040,r08-fact-041,r08-fact-042,r08-fact-043,r08-fact-044,r08-fact-045,r08-fact-046,r08-fact-047,r08-fact-048,r08-fact-049,r08-fact-050,r08-fact-051,r08-fact-052,r08-fact-053,r08-fact-054,r08-fact-055,r08-fact-056,r08-fact-057,r08-fact-058,r08-fact-059,r08-fact-060,r08-fact-061,r08-fact-062,r08-fact-063,r08-fact-064,r08-fact-065,r08-fact-066,r08-fact-067,r08-fact-068,r08-fact-069,r08-fact-070,r08-fact-071,r08-fact-072,r08-fact-073,r08-fact-074,r08-fact-075,r08-fact-076,r08-fact-077,r08-fact-078,r08-fact-079,r08-fact-080,r08-fact-081,r08-fact-082,r08-fact-083,r08-fact-084,r08-fact-085,r08-fact-086,r08-fact-087,r08-fact-088,r08-fact-089,r08-fact-090,r08-fact-091,r08-fact-092,r08-fact-093,r08-fact-094,r08-fact-095,r08-fact-096,r08-fact-097,r08-fact-098,r08-fact-099,r08-fact-100,r08-fact-101,r08-fact-102,r08-fact-103,r08-fact-104,r08-fact-105,r08-fact-106,r08-fact-107,r08-fact-108,r08-fact-109,r08-fact-110,r08-fact-111,r08-fact-112,r08-fact-113,r08-fact-114,r08-fact-115,r08-fact-116,r08-fact-117,r08-fact-118,r08-fact-119,r08-fact-120,r08-fact-121,r08-fact-122,r08-fact-123,r08-fact-124,r08-fact-125,r08-fact-126,r08-fact-127,r08-fact-128,r08-fact-129,r08-fact-130,r08-fact-131,r08-fact-132,r08-fact-133,r08-fact-134,r08-fact-135,r08-fact-136,r08-fact-137,r08-fact-138,r08-fact-139,r08-fact-140,r08-fact-141,r08-fact-142,r08-fact-143,r08-fact-144,r08-fact-145,r08-fact-146,r08-fact-147,r08-fact-148,r08-fact-149,r08-fact-150,r08-fact-151,r08-fact-152,r08-fact-153,r08-fact-154,r08-fact-155,r08-fact-156,r08-fact-157,r08-fact-158,r08-fact-159,r08-fact-160,r08-fact-161,r08-fact-162,r08-fact-163,r08-fact-164,r08-fact-165,r08-fact-166,r08-fact-167,r08-fact-168,r08-fact-169,r08-fact-170,r08-fact-171,r08-fact-172,r08-fact-173,r08-fact-174,r08-fact-175,r08-fact-176,r08-fact-177,r08-fact-178,r08-fact-179,r08-fact-180
P-009,Imani Brooks,r09-fact-001,r09-fact-002,r09-fact-003,r09-fact-004,r09-fact-005,r09-fact-006,r09-fact-007,r09-fact-008,r09-fact-009,r09-fact-010,r09-fact-011,r09-fact-012,r09-fact-013,r09-fact-014,r09-fact-015,r09-fact-016,r09-fact-017,r09-fact-018,r09-fact-019,r09-fact-020,r09-fact-021,r09-fact-022,r09-fact-023,r09-fact-024,r09-fact-025,r09-fact-026,r09-fact-027,r09-fact-028,r09-fact-029,r09-fact-030,r09-fact-031,r09-fact-032,r09-fact-033,r09-fact-034,r09-fact-035,r09-fact-036,r09-fact-037,r09-fact-038,r09-fact-039,r09-fact-040,r09-fact-041,r09-fact-042,r09-fact-043,r09-fact-044,r09-fact-045,r09-fact-046,r09-fact-047,r09-fact-048,r09-fact-049,r09-fact-050,r09-fact-051,r09-fact-052,r09-fact-053,r09-fact-054,r09-fact-055,r09-fact-056,r09-fact-057,r09-fact-058,r09-fact-059,r09-fact-060,r09-fact-061,r09-fact-062,r09-fact-063,r09-fact-064,r09-fact-065,r09-fact-066,r09-fact-067,r09-fact-068,r09-fact-069,r09-fact-070,r09-fact-071,r09-fact-072,r09-fact-073,r09-fact-074,r09-fact-075,r09-fact-076,r09-fact-077,r09-fact-078,r09-fact-079,r09-fact-080,r09-fact-081,r09-fact-082,r09-fact-083,r09-fact-084,r09-fact-085,r09-fact-086,r09-fact-087,r09-fact-088,r09-fact-089,r09-fact-090,r09-fact-091,r09-fact-092,r09-fact-093,r09-fact-094,r09-fact-095,r09-fact-096,r09-fact-097,r09-fact-098,r09-fact-099,r09-fact-100,r09-fact-101,r09-fact-102,r09-fact-103,r09-fact-104,r09-fact-105,r09-fact-106,r09-fact-107,r09-fact-108,r09-fact-109,r09-fact-110,r09-fact-111,r09-fact-112,r09-fact-113,r09-fact-114,r09-fact-115,r09-fact-116,r09-fact-117,r09-fact-118,r09-fact-119,r09-fact-120,r09-fact-121,r09-fact-122,r09-fact-123,r09-fact-124,r09-fact-125,r09-fact-126,r09-fact-127,r09-fact-128,r09-fact-129,r09-fact-130,r09-fact-131,r09-fact-132,r09-fact-133,r09-fact-134,r09-fact-135,r09-fact-136,r09-fact-137,r09-fact-138,r09-fact-139,r09-fact-140,r09-fact-141,r09-fact-142,r09-fact-143,r09-fact-144,r09-fact-145,r09-fact-146,r09-fact-147,r09-fact-148,r09-fact-149,r09-fact-150,r09-fact-151,r09-fact-152,r09-fact-153,r09-fact-154,r09-fact-155,r09-fact-156,r09-fact-157,r09-fact-158,r09-fact-159,r09-fact-160,r09-fact-161,r09-fact-162,r09-fact-163,r09-fact-164,r09-fact-165,r09-fact-166,r09-fact-167,r09-fact-168,r09-fact-169,r09-fact-170,r09-fact-171,r09-fact-172,r09-fact-173,r09-fact-174,r09-fact-175,r09-fact-176,r09-fact-177,r09-fact-178,r09-fact-179,r09-fact-180
P-010,Jamal Wright,r10-fact-001,r10-fact-002,r10-fact-003,r10-fact-004,r10-fact-005,r10-fact-006,r10-fact-007,r10-fact-008,r10-fact-009,r10-fact-010,r10-fact-011,r10-fact-012,r10-fact-013,r10-fact-014,r10-fact-015,r10-fact-016,r10-fact-017,r10-fact-018,r10-fact-019,r10-fact-020,r10-fact-021,r10-fact-022,r10-fact-023,r10-fact-024,r10-fact-025,r10-fact-026,r10-fact-027,r10-fact-028,r10-fact-029,r10-fact-030,r10-fact-031,r10-fact-032,r10-fact-033,r10-fact-034,r10-fact-035,r10-fact-036,r10-fact-037,r10-fact-038,r10-fact-039,r10-fact-040,r10-fact-041,r10-fact-042,r10-fact-043,r10-fact-044,r10-fact-045,r10-fact-046,r10-fact-047,r10-fact-048,r10-fact-049,r10-fact-050,r10-fact-051,r10-fact-052,r10-fact-053,r10-fact-054,r10-fact-055,r10-fact-056,r10-fact-057,r10-fact-058,r10-fact-059,r10-fact-060,r10-fact-061,r10-fact-062,r10-fact-063,r10-fact-064,r10-fact-065,r10-fact-066,r10-fact-067,r10-fact-068,r10-fact-069,r10-fact-070,r10-fact-071,r10-fact-072,r10-fact-073,r10-fact-074,r10-fact-075,r10-fact-076,r10-fact-077,r10-fact-078,r10-fact-079,r10-fact-080,r10-fact-081,r10-fact-082,r10-fact-083,r10-fact-084,r10-fact-085,r10-fact-086,r10-fact-087,r10-fact-088,r10-fact-089,r10-fact-090,r10-fact-091,r10-fact-092,r10-fact-093,r10-fact-094,r10-fact-095,r10-fact-096,r10-fact-097,r10-fact-098,r10-fact-099,r10-fact-100,r10-fact-101,r10-fact-102,r10-fact-103,r10-fact-104,r10-fact-105,r10-fact-106,r10-fact-107,r10-fact-108,r10-fact-109,r10-fact-110,r10-fact-111,r10-fact-112,r10-fact-113,r10-fact-114,r10-fact-115,r10-fact-116,r10-fact-117,r10-fact-118,r10-fact-119,r10-fact-120,r10-fact-121,r10-fact-122,r10-fact-123,r10-fact-124,r10-fact-125,r10-fact-126,r10-fact-127,r10-fact-128,r10-fact-129,r10-fact-130,r10-fact-131,r10-fact-132,r10-fact-133,r10-fact-134,r10-fact-135,r10-fact-136,r10-fact-137,r10-fact-138,r10-fact-139,r10-fact-140,r10-fact-141,r10-fact-142,r10-fact-143,r10-fact-144,r10-fact-145,r10-fact-146,r10-fact-147,r10-fact-148,r10-fact-149,r10-fact-150,r10-fact-151,r10-fact-152,r10-fact-153,r10-fact-154,r10-fact-155,r10-fact-156,r10-fact-157,r10-fact-158,r10-fact-159,r10-fact-160,r10-fact-161,r10-fact-162,r10-fact-163,r10-fact-164,r10-fact-165,r10-fact-166,r10-fact-167,r10-fact-168,r10-fact-169,r10-fact-170,r10-fact-171,r10-fact-172,r10-fact-173,r10-fact-174,r10-fact-175,r10-fact-176,r10-fact-177,r10-fact-178,r10-fact-179,r10-fact-180
P-011,Khadija El Idrissi,r11-fact-001,r11-fact-002,r11-fact-003,r11-fact-004,r11-fact-005,r11-fact-006,r11-fact-007,r11-fact-008,r11-fact-009,r11-fact-010,r11-fact-011,r11-fact-012,r11-fact-013,r11-fact-014,r11-fact-015,r11-fact-016,r11-fact-017,r11-fact-018,r11-fact-019,r11-fact-020,r11-fact-021,r11-fact-022,r11-fact-023,r11-fact-024,r11-fact-025,r11-fact-026,r11-fact-027,r11-fact-028,r11-fact-029,r11-fact-030,r11-fact-031,r11-fact-032,r11-fact-033,r11-fact-034,r11-fact-035,r11-fact-036,r11-fact-037,r11-fact-038,r11-fact-039,r11-fact-040,r11-fact-041,r11-fact-042,r11-fact-043,r11-fact-044,r11-fact-045,r11-fact-046,r11-fact-047,r11-fact-048,r11-fact-049,r11-fact-050,r11-fact-051,r11-fact-052,r11-fact-053,r11-fact-054,r11-fact-055,r11-fact-056,r11-fact-057,r11-fact-058,r11-fact-059,r11-fact-060,r11-fact-061,r11-fact-062,r11-fact-063,r11-fact-064,r11-fact-065,r11-fact-066,r11-fact-067,r11-fact-068,r11-fact-069,r11-fact-070,r11-fact-071,r11-fact-072,r11-fact-073,r11-fact-074,r11-fact-075,r11-fact-076,r11-fact-077,r11-fact-078,r11-fact-079,r11-fact-080,r11-fact-081,r11-fact-082,r11-fact-083,r11-fact-084,r11-fact-085,r11-fact-086,r11-fact-087,r11-fact-088,r11-fact-089,r11-fact-090,r11-fact-091,r11-fact-092,r11-fact-093,r11-fact-094,r11-fact-095,r11-fact-096,r11-fact-097,r11-fact-098,r11-fact-099,r11-fact-100,r11-fact-101,r11-fact-102,r11-fact-103,r11-fact-104,r11-fact-105,r11-fact-106,r11-fact-107,r11-fact-108,r11-fact-109,r11-fact-110,r11-fact-111,r11-fact-112,r11-fact-113,r11-fact-114,r11-fact-115,r11-fact-116,r11-fact-117,r11-fact-118,r11-fact-119,r11-fact-120,r11-fact-121,r11-fact-122,r11-fact-123,r11-fact-124,r11-fact-125,r11-fact-126,r11-fact-127,r11-fact-128,r11-fact-129,r11-fact-130,r11-fact-131,r11-fact-132,r11-fact-133,r11-fact-134,r11-fact-135,r11-fact-136,r11-fact-137,r11-fact-138,r11-fact-139,r11-fact-140,r11-fact-141,r11-fact-142,r11-fact-143,r11-fact-144,r11-fact-145,r11-fact-146,r11-fact-147,r11-fact-148,r11-fact-149,r11-fact-150,r11-fact-151,r11-fact-152,r11-fact-153,r11-fact-154,r11-fact-155,r11-fact-156,r11-fact-157,r11-fact-158,r11-fact-159,r11-fact-160,r11-fact-161,r11-fact-162,r11-fact-163,r11-fact-164,r11-fact-165,r11-fact-166,r11-fact-167,r11-fact-168,r11-fact-169,r11-fact-170,r11-fact-171,r11-fact-172,r11-fact-173,r11-fact-174,r11-fact-175,r11-fact-176,r11-fact-177,r11-fact-178,r11-fact-179,r11-fact-180
P-012,Luca Bianchi,r12-fact-001,r12-fact-002,r12-fact-003,r12-fact-004,r12-fact-005,r12-fact-006,r12-fact-007,r12-fact-008,r12-fact-009,r12-fact-010,r12-fact-011,r12-fact-012,r12-fact-013,r12-fact-014,r12-fact-015,r12-fact-016,r12-fact-017,r12-fact-018,r12-fact-019,r12-fact-020,r12-fact-021,r12-fact-022,r12-fact-023,r12-fact-024,r12-fact-025,r12-fact-026,r12-fact-027,r12-fact-028,r12-fact-029,r12-fact-030,r12-fact-031,r12-fact-032,r12-fact-033,r12-fact-034,r12-fact-035,r12-fact-036,r12-fact-037,r12-fact-038,r12-fact-039,r12-fact-040,r12-fact-041,r12-fact-042,r12-fact-043,r12-fact-044,r12-fact-045,r12-fact-046,r12-fact-047,r12-fact-048,r12-fact-049,r12-fact-050,r12-fact-051,r12-fact-052,r12-fact-053,r12-fact-054,r12-fact-055,r12-fact-056,r12-fact-057,r12-fact-058,r12-fact-059,r12-fact-060,r12-fact-061,r12-fact-062,r12-fact-063,r12-fact-064,r12-fact-065,r12-fact-066,r12-fact-067,r12-fact-068,r12-fact-069,r12-fact-070,r12-fact-071,r12-fact-072,r12-fact-073,r12-fact-074,r12-fact-075,r12-fact-076,r12-fact-077,r12-fact-078,r12-fact-079,r12-fact-080,r12-fact-081,r12-fact-082,r12-fact-083,r12-fact-084,r12-fact-085,r12-fact-086,r12-fact-087,r12-fact-088,r12-fact-089,r12-fact-090,r12-fact-091,r12-fact-092,r12-fact-093,r12-fact-094,r12-fact-095,r12-fact-096,r12-fact-097,r12-fact-098,r12-fact-099,r12-fact-100,r12-fact-101,r12-fact-102,r12-fact-103,r12-fact-104,r12-fact-105,r12-fact-106,r12-fact-107,r12-fact-108,r12-fact-109,r12-fact-110,r12-fact-111,r12-fact-112,r12-fact-113,r12-fact-114,r12-fact-115,r12-fact-116,r12-fact-117,r12-fact-118,r12-fact-119,r12-fact-120,r12-fact-121,r12-fact-122,r12-fact-123,r12-fact-124,r12-fact-125,r12-fact-126,r12-fact-127,r12-fact-128,r12-fact-129,r12-fact-130,r12-fact-131,r12-fact-132,r12-fact-133,r12-fact-134,r12-fact-135,r12-fact-136,r12-fact-137,r12-fact-138,r12-fact-139,r12-fact-140,r12-fact-141,r12-fact-142,r12-fact-143,r12-fact-144,r12-fact-145,r12-fact-146,r12-fact-147,r12-fact-148,r12-fact-149,r12-fact-150,r12-fact-151,r12-fact-152,r12-fact-153,r12-fact-154,r12-fact-155,r12-fact-156,r12-fact-157,r12-fact-158,r12-fact-159,r12-fact-160,r12-fact-161,r12-fact-162,r12-fact-163,r12-fact-164,r12-fact-165,r12-fact-166,r12-fact-167,r12-fact-168,r12-fact-169,r12-fact-170,r12-fact-171,r12-fact-172,r12-fact-173,r12-fact-174,r12-fact-175,r12-fact-176,r12-fact-177,r12-fact-178,r12-fact-179,r12-fact-180
